Title,Price,Stock,Currency
A Light in the Attic,51.77,In stock,GBP
Tipping the Velvet,53.74,In stock,GBP
Soumission,50.1,In stock,GBP
Sharp Objects,47.82,In stock,GBP
Sapiens: A Brief History of Humankind,54.23,In stock,GBP
The Requiem Red,22.65,In stock,GBP
The Dirty Little Secrets of Getting Your Dream Job,33.34,In stock,GBP
"The Coming Woman: A Novel Based on the Life of the Infamous Feminist, Victoria Woodhull",17.93,In stock,GBP
The Boys in the Boat: Nine Americans and Their Epic Quest for Gold at the 1936 Berlin Olympics,22.6,In stock,GBP
The Black Maria,52.15,In stock,GBP
"Starving Hearts (Triangular Trade Trilogy, #1)",13.99,In stock,GBP
Shakespeare's Sonnets,20.66,In stock,GBP
Set Me Free,17.46,In stock,GBP
Scott Pilgrim's Precious Little Life (Scott Pilgrim #1),52.29,In stock,GBP
Rip it Up and Start Again,35.02,In stock,GBP
"Our Band Could Be Your Life: Scenes from the American Indie Underground, 1981-1991",57.25,In stock,GBP
Olio,23.88,In stock,GBP
Mesaerion: The Best Science Fiction Stories 1800-1849,37.59,In stock,GBP
Libertarianism for Beginners,51.33,In stock,GBP
It's Only the Himalayas,45.17,In stock,GBP
In Her Wake,12.84,In stock,GBP
How Music Works,37.32,In stock,GBP
"Foolproof Preserving: A Guide to Small Batch Jams, Jellies, Pickles, Condiments, and More: A Foolproof Guide to Making Small Batch Jams, Jellies, Pickles, Condiments, and More",30.52,In stock,GBP
Chase Me (Paris Nights #2),25.27,In stock,GBP
Black Dust,34.53,In stock,GBP
Birdsong: A Story in Pictures,54.64,In stock,GBP
America's Cradle of Quarterbacks: Western Pennsylvania's Football Factory from Johnny Unitas to Joe Montana,22.5,In stock,GBP
Aladdin and His Wonderful Lamp,53.13,In stock,GBP
Worlds Elsewhere: Journeys Around Shakespeareâs Globe,40.3,In stock,GBP
Wall and Piece,44.18,In stock,GBP
The Four Agreements: A Practical Guide to Personal Freedom,17.66,In stock,GBP
The Five Love Languages: How to Express Heartfelt Commitment to Your Mate,31.05,In stock,GBP
The Elephant Tree,23.82,In stock,GBP
The Bear and the Piano,36.89,In stock,GBP
Sophie's World,15.94,In stock,GBP
Penny Maybe,33.29,In stock,GBP
Maude (1883-1993):She Grew Up with the country,18.02,In stock,GBP
"In a Dark, Dark Wood",19.63,In stock,GBP
Behind Closed Doors,52.22,In stock,GBP
You can't bury them all: Poems,33.63,In stock,GBP
Slow States of Collapse: Poems,57.31,In stock,GBP
Reasons to Stay Alive,26.41,In stock,GBP
Private Paris (Private #10),47.61,In stock,GBP
#HigherSelfie: Wake Up Your Life. Free Your Soul. Find Your Tribe.,23.11,In stock,GBP
Without Borders (Wanderlove #1),45.07,In stock,GBP
When We Collided,31.77,In stock,GBP
"We Love You, Charlie Freeman",50.27,In stock,GBP
Untitled Collection: Sabbath Poems 2014,14.27,In stock,GBP
"Unseen City: The Majesty of Pigeons, the Discreet Charm of Snails & Other Wonders of the Urban Wilderness",44.18,In stock,GBP
Unicorn Tracks,18.78,In stock,GBP
"Unbound: How Eight Technologies Made Us Human, Transformed Society, and Brought Our World to the Brink",25.52,In stock,GBP
Tsubasa: WoRLD CHRoNiCLE 2 (Tsubasa WoRLD CHRoNiCLE #2),16.28,In stock,GBP
Throwing Rocks at the Google Bus: How Growth Became the Enemy of Prosperity,31.12,In stock,GBP
This One Summer,19.49,In stock,GBP
Thirst,17.27,In stock,GBP
The Torch Is Passed: A Harding Family Story,19.09,In stock,GBP
The Secret of Dreadwillow Carse,56.13,In stock,GBP
"The Pioneer Woman Cooks: Dinnertime: Comfort Classics, Freezer Food, 16-Minute Meals, and Other Delicious Ways to Solve Supper!",56.41,In stock,GBP
The Past Never Ends,56.5,In stock,GBP
The Natural History of Us (The Fine Art of Pretending #2),45.22,In stock,GBP
The Nameless City (The Nameless City #1),38.16,In stock,GBP
The Murder That Never Was (Forensic Instincts #5),54.11,In stock,GBP
The Most Perfect Thing: Inside (and Outside) a Bird's Egg,42.96,In stock,GBP
"The Mindfulness and Acceptance Workbook for Anxiety: A Guide to Breaking Free from Anxiety, Phobias, and Worry Using Acceptance and Commitment Therapy",23.89,In stock,GBP
The Life-Changing Magic of Tidying Up: The Japanese Art of Decluttering and Organizing,16.77,In stock,GBP
"The Inefficiency Assassin: Time Management Tactics for Working Smarter, Not Longer",20.59,In stock,GBP
The Gutsy Girl: Escapades for Your Life of Epic Adventure,37.13,In stock,GBP
The Electric Pencil: Drawings from Inside State Hospital No. 3,56.06,In stock,GBP
The Death of Humanity: and the Case for Life,58.11,In stock,GBP
"The Bulletproof Diet: Lose up to a Pound a Day, Reclaim Energy and Focus, Upgrade Your Life",49.05,In stock,GBP
The Art Forger,40.76,In stock,GBP
The Age of Genius: The Seventeenth Century and the Birth of the Modern Mind,19.73,In stock,GBP
The Activist's Tao Te Ching: Ancient Advice for a Modern Revolution,32.24,In stock,GBP
Spark Joy: An Illustrated Master Class on the Art of Organizing and Tidying Up,41.83,In stock,GBP
Soul Reader,39.58,In stock,GBP
Security,39.25,In stock,GBP
"Saga, Volume 6 (Saga (Collected Editions) #6)",25.02,In stock,GBP
"Saga, Volume 5 (Saga (Collected Editions) #5)",51.04,In stock,GBP
Reskilling America: Learning to Labor in the Twenty-First Century,19.83,In stock,GBP
"Rat Queens, Vol. 3: Demons (Rat Queens (Collected Editions) #11-15)",50.4,In stock,GBP
"Princess Jellyfish 2-in-1 Omnibus, Vol. 01 (Princess Jellyfish 2-in-1 Omnibus #1)",13.61,In stock,GBP
Princess Between Worlds (Wide-Awake Princess #5),13.34,In stock,GBP
"Pop Gun War, Volume 1: Gift",18.97,In stock,GBP
"Political Suicide: Missteps, Peccadilloes, Bad Calls, Backroom Hijinx, Sordid Pasts, Rotten Breaks, and Just Plain Dumb Mistakes in the Annals of American Politics",36.28,In stock,GBP
Patience,10.16,In stock,GBP
"Outcast, Vol. 1: A Darkness Surrounds Him (Outcast #1)",15.44,In stock,GBP
orange: The Complete Collection 1 (orange: The Complete Collection #1),48.41,In stock,GBP
Online Marketing for Busy Authors: A Step-By-Step Guide,46.35,In stock,GBP
On a Midnight Clear,14.07,In stock,GBP
Obsidian (Lux #1),14.86,In stock,GBP
My Paris Kitchen: Recipes and Stories,33.37,In stock,GBP
Masks and Shadows,56.4,In stock,GBP
"Mama Tried: Traditional Italian Cooking for the Screwed, Crude, Vegan, and Tattooed",14.02,In stock,GBP
"Lumberjanes, Vol. 2: Friendship to the Max (Lumberjanes #5-8)",46.91,In stock,GBP
"Lumberjanes, Vol. 1: Beware the Kitten Holy (Lumberjanes #1-4)",45.61,In stock,GBP
Lumberjanes Vol. 3: A Terrible Plan (Lumberjanes #9-12),19.92,In stock,GBP
"Layered: Baking, Building, and Styling Spectacular Cakes",40.11,In stock,GBP
Judo: Seven Steps to Black Belt (an Introductory Guide for Beginners),53.9,In stock,GBP
Join,35.67,In stock,GBP
In the Country We Love: My Family Divided,22.0,In stock,GBP
Immunity: How Elie Metchnikoff Changed the Course of Modern Medicine,57.36,In stock,GBP
"I Hate Fairyland, Vol. 1: Madly Ever After (I Hate Fairyland (Compilations) #1-5)",29.17,In stock,GBP
I am a Hero Omnibus Volume 1,54.63,In stock,GBP
How to Be Miserable: 40 Strategies You Already Use,46.03,In stock,GBP
Her Backup Boyfriend (The Sorensen Family #1),33.97,In stock,GBP
"Giant Days, Vol. 2 (Giant Days #5-8)",22.11,In stock,GBP
Forever and Forever: The Courtship of Henry Longfellow and Fanny Appleton,29.69,In stock,GBP
First and First (Five Boroughs #3),15.97,In stock,GBP
Fifty Shades Darker (Fifty Shades #2),21.96,In stock,GBP
Everydata: The Misinformation Hidden in the Little Data You Consume Every Day,54.35,In stock,GBP
"Don't Be a Jerk: And Other Practical Advice from Dogen, Japan's Greatest Zen Master",37.97,In stock,GBP
Danganronpa Volume 1,51.99,In stock,GBP
Crown of Midnight (Throne of Glass #2),43.29,In stock,GBP
"Codename Baboushka, Volume 1: The Conclave of Death",36.72,In stock,GBP
Camp Midnight,17.08,In stock,GBP
Call the Nurse: True Stories of a Country Nurse on a Scottish Isle,29.14,In stock,GBP
Burning,28.81,In stock,GBP
Bossypants,49.46,In stock,GBP
"Bitch Planet, Vol. 1: Extraordinary Machine (Bitch Planet (Collected Editions))",37.92,In stock,GBP
"Avatar: The Last Airbender: Smoke and Shadow, Part 3 (Smoke and Shadow #3)",28.09,In stock,GBP
Algorithms to Live By: The Computer Science of Human Decisions,30.81,In stock,GBP
A World of Flavor: Your Gluten Free Passport,42.95,In stock,GBP
"A Piece of Sky, a Grain of Rice: A Memoir in Four Meditations",56.76,In stock,GBP
A Murder in Time,16.64,In stock,GBP
A Flight of Arrows (The Pathfinders #2),55.53,In stock,GBP
A Fierce and Subtle Poison,28.13,In stock,GBP
A Court of Thorns and Roses (A Court of Thorns and Roses #1),52.37,In stock,GBP
(Un)Qualified: How God Uses Broken People to Do Big Things,54.0,In stock,GBP
You Are What You Love: The Spiritual Power of Habit,21.87,In stock,GBP
"William Shakespeare's Star Wars: Verily, A New Hope (William Shakespeare's Star Wars #4)",43.3,In stock,GBP
Tuesday Nights in 1980,21.04,In stock,GBP
Tracing Numbers on a Train,41.6,In stock,GBP
Throne of Glass (Throne of Glass #1),35.07,In stock,GBP
Thomas Jefferson and the Tripoli Pirates: The Forgotten War That Changed American History,59.64,In stock,GBP
Thirteen Reasons Why,52.72,In stock,GBP
The White Cat and the Monk: A Retelling of the Poem âPangur BÃ¡nâ,58.08,In stock,GBP
The Wedding Dress,24.12,In stock,GBP
The Vacationers,42.15,In stock,GBP
The Third Wave: An Entrepreneurâs Vision of the Future,12.61,In stock,GBP
The Stranger,17.44,In stock,GBP
The Shadow Hero (The Shadow Hero),33.14,In stock,GBP
The Secret (The Secret #1),27.37,In stock,GBP
The Regional Office Is Under Attack!,51.36,In stock,GBP
The Psychopath Test: A Journey Through the Madness Industry,36.0,In stock,GBP
The Project,10.65,In stock,GBP
The Power of Now: A Guide to Spiritual Enlightenment,43.54,In stock,GBP
The Omnivore's Dilemma: A Natural History of Four Meals,38.21,In stock,GBP
The Nerdy Nummies Cookbook: Sweet Treats for the Geek in All of Us,37.34,In stock,GBP
The Murder of Roger Ackroyd (Hercule Poirot #4),44.1,In stock,GBP
The Mistake (Off-Campus #2),43.29,In stock,GBP
The Matchmaker's Playbook (Wingmen Inc. #1),55.85,In stock,GBP
The Love and Lemons Cookbook: An Apple-to-Zucchini Celebration of Impromptu Cooking,37.6,In stock,GBP
The Long Shadow of Small Ghosts: Murder and Memory in an American City,10.97,In stock,GBP
The Kite Runner,41.82,In stock,GBP
The House by the Lake,36.95,In stock,GBP
The Glittering Court (The Glittering Court #1),44.28,In stock,GBP
The Girl on the Train,55.02,In stock,GBP
The Genius of Birds,17.24,In stock,GBP
The Emerald Mystery,23.15,In stock,GBP
The Cookies & Cups Cookbook: 125+ sweet & savory recipes reminding you to Always Eat Dessert First,41.25,In stock,GBP
The Bridge to Consciousness: I'm Writing the Bridge Between Science and Our Old and New Beliefs.,32.0,In stock,GBP
The Artist's Way: A Spiritual Path to Higher Creativity,38.49,In stock,GBP
The Art of War,33.34,In stock,GBP
The Argonauts,10.93,In stock,GBP
The 10% Entrepreneur: Live Your Startup Dream Without Quitting Your Day Job,27.55,In stock,GBP
Suddenly in Love (Lake Haven #1),55.99,In stock,GBP
Something More Than This,16.24,In stock,GBP
Soft Apocalypse,26.12,In stock,GBP
So You've Been Publicly Shamed,12.23,In stock,GBP
Shoe Dog: A Memoir by the Creator of NIKE,23.99,In stock,GBP
"Shobu Samurai, Project Aryoku (#3)",29.06,In stock,GBP
Secrets and Lace (Fatal Hearts #1),20.27,In stock,GBP
Scarlett Epstein Hates It Here,43.55,In stock,GBP
Romero and Juliet: A Tragic Tale of Love and Zombies,36.94,In stock,GBP
Redeeming Love,20.47,In stock,GBP
Poses for Artists Volume 1 - Dynamic and Sitting Poses: An Essential Reference for Figure Drawing and the Human Form,41.06,In stock,GBP
Poems That Make Grown Women Cry,14.19,In stock,GBP
"Nightingale, Sing",38.28,In stock,GBP
Night Sky with Exit Wounds,41.05,In stock,GBP
Mrs. Houdini,30.25,In stock,GBP
Modern Romance,28.26,In stock,GBP
Miss Peregrineâs Home for Peculiar Children (Miss Peregrineâs Peculiar Children #1),10.76,In stock,GBP
Louisa: The Extraordinary Life of Mrs. Adams,16.85,In stock,GBP
Little Red,13.47,In stock,GBP
Library of Souls (Miss Peregrineâs Peculiar Children #3),48.56,In stock,GBP
Large Print Heart of the Pride,19.15,In stock,GBP
I Had a Nice Time And Other Lies...: How to find love & sh*t like that,57.36,In stock,GBP
Hollow City (Miss Peregrineâs Peculiar Children #2),42.98,In stock,GBP
Grumbles,22.16,In stock,GBP
Full Moon over Noahâs Ark: An Odyssey to Mount Ararat and Beyond,49.43,In stock,GBP
Frostbite (Vampire Academy #2),29.99,In stock,GBP
Follow You Home,21.36,In stock,GBP
First Steps for New Christians (Print Edition),29.0,In stock,GBP
Finders Keepers (Bill Hodges Trilogy #2),53.53,In stock,GBP
"Fables, Vol. 1: Legends in Exile (Fables #1)",41.62,In stock,GBP
Eureka Trivia 6.0,54.59,In stock,GBP
Drive: The Surprising Truth About What Motivates Us,34.95,In stock,GBP
Done Rubbed Out (Reightman & Bailey #1),37.72,In stock,GBP
Doing It Over (Most Likely To #1),35.61,In stock,GBP
"Deliciously Ella Every Day: Quick and Easy Recipes for Gluten-Free Snacks, Packed Lunches, and Simple Meals",42.16,In stock,GBP
Dark Notes,19.19,In stock,GBP
"Daring Greatly: How the Courage to Be Vulnerable Transforms the Way We Live, Love, Parent, and Lead",19.43,In stock,GBP
Close to You,49.46,In stock,GBP
Chasing Heaven: What Dying Taught Me About Living,37.8,In stock,GBP
Big Magic: Creative Living Beyond Fear,30.8,In stock,GBP
Becoming Wise: An Inquiry into the Mystery and Art of Living,27.43,In stock,GBP
Beauty Restored (Riley Family Legacy Novellas #3),11.11,In stock,GBP
Batman: The Long Halloween (Batman),36.5,In stock,GBP
Batman: The Dark Knight Returns (Batman),15.38,In stock,GBP
Ayumi's Violin,15.48,In stock,GBP
Anonymous,46.82,In stock,GBP
Amy Meets the Saints and Sages,18.46,In stock,GBP
Amid the Chaos,36.58,In stock,GBP
Amatus,50.54,In stock,GBP
Agnostic: A Spirited Manifesto,12.51,In stock,GBP
Zealot: The Life and Times of Jesus of Nazareth,24.7,In stock,GBP
You (You #1),43.61,In stock,GBP
"Wonder Woman: Earth One, Volume One (Wonder Woman: Earth One #1)",37.34,In stock,GBP
Wild Swans,14.36,In stock,GBP
Why the Right Went Wrong: Conservatism--From Goldwater to the Tea Party and Beyond,52.65,In stock,GBP
Whole Lotta Creativity Going On: 60 Fun and Unusual Exercises to Awaken and Strengthen Your Creativity,38.2,In stock,GBP
What's It Like in Space?: Stories from Astronauts Who've Been There,19.6,In stock,GBP
"We Are Robin, Vol. 1: The Vigilante Business (We Are Robin #1)",53.9,In stock,GBP
Walt Disney's Alice in Wonderland,12.96,In stock,GBP
V for Vendetta (V for Vendetta Complete),37.1,In stock,GBP
Until Friday Night (The Field Party #1),46.31,In stock,GBP
"Unbroken: A World War II Story of Survival, Resilience, and Redemption",45.95,In stock,GBP
Twenty Yawns,22.08,In stock,GBP
Through the Woods,25.38,In stock,GBP
This Is Where It Ends,27.12,In stock,GBP
The Year of Magical Thinking,43.04,In stock,GBP
The Wright Brothers,56.8,In stock,GBP
The White Queen (The Cousins' War #1),25.91,In stock,GBP
The Wedding Pact (The O'Malleys #2),32.61,In stock,GBP
The Time Keeper,27.88,In stock,GBP
The Testament of Mary,52.67,In stock,GBP
The Star-Touched Queen,46.02,In stock,GBP
The Songs of the Gods,44.48,In stock,GBP
The Song of Achilles,37.4,In stock,GBP
The Rosie Project (Don Tillman #1),54.04,In stock,GBP
The Power of Habit: Why We Do What We Do in Life and Business,16.88,In stock,GBP
The Marriage of Opposites,28.08,In stock,GBP
The Lucifer Effect: Understanding How Good People Turn Evil,10.4,In stock,GBP
The Long Haul (Diary of a Wimpy Kid #9),44.07,In stock,GBP
The Loney,23.4,In stock,GBP
The Literature Book (Big Ideas Simply Explained),17.43,In stock,GBP
The Last Mile (Amos Decker #2),54.21,In stock,GBP
The Immortal Life of Henrietta Lacks,40.67,In stock,GBP
The Hidden Oracle (The Trials of Apollo #1),52.26,In stock,GBP
The Help Yourself Cookbook for Kids: 60 Easy Plant-Based Recipes Kids Can Make to Stay Healthy and Save the Earth,28.77,In stock,GBP
The Guilty (Will Robie #4),13.82,In stock,GBP
The First Hostage (J.B. Collins #2),25.85,In stock,GBP
The Dovekeepers,48.78,In stock,GBP
The Darkest Lie,35.35,In stock,GBP
The Bane Chronicles (The Bane Chronicles #1-11),44.73,In stock,GBP
The Bad-Ass Librarians of Timbuktu: And Their Race to Save the Worldâs Most Precious Manuscripts,15.77,In stock,GBP
The 14th Colony (Cotton Malone #11),39.24,In stock,GBP
That Darkness (Gardiner and Renner #1),13.92,In stock,GBP
Tastes Like Fear (DI Marnie Rome #3),10.69,In stock,GBP
Take Me with You,45.21,In stock,GBP
Swell: A Year of Waves,45.58,In stock,GBP
Superman Vol. 1: Before Truth (Superman by Gene Luen Yang #1),11.89,In stock,GBP
Still Life with Bread Crumbs,26.41,In stock,GBP
Steve Jobs,39.5,In stock,GBP
Sorting the Beef from the Bull: The Science of Food Fraud Forensics,44.74,In stock,GBP
Someone Like You (The Harrisons #2),52.79,In stock,GBP
"So Cute It Hurts!!, Vol. 6 (So Cute It Hurts!! #6)",35.43,In stock,GBP
Shtum,55.84,In stock,GBP
See America: A Celebration of Our National Parks & Treasured Sites,48.87,In stock,GBP
salt.,46.78,In stock,GBP
Robin War,47.82,In stock,GBP
"Red Hood/Arsenal, Vol. 1: Open for Business (Red Hood/Arsenal #1)",25.48,In stock,GBP
Rain Fish,23.57,In stock,GBP
"Quarter Life Poetry: Poems for the Young, Broke and Hangry",50.89,In stock,GBP
Pet Sematary,10.56,In stock,GBP
"Overload: How to Unplug, Unwind, and Unleash Yourself from the Pressure of Stress",52.15,In stock,GBP
Once Was a Time,18.28,In stock,GBP
Old School (Diary of a Wimpy Kid #10),11.83,In stock,GBP
No Dream Is Too High: Life Lessons From a Man Who Walked on the Moon,21.95,In stock,GBP
"Naruto (3-in-1 Edition), Vol. 14: Includes Vols. 40, 41 & 42 (Naruto: Omnibus #14)",38.39,In stock,GBP
My Name Is Lucy Barton,41.56,In stock,GBP
My Mrs. Brown,24.48,In stock,GBP
My Kind of Crazy,40.36,In stock,GBP
Mr. Mercedes (Bill Hodges Trilogy #1),28.9,In stock,GBP
More Than Music (Chasing the Dream #1),37.61,In stock,GBP
Made to Stick: Why Some Ideas Survive and Others Die,38.85,In stock,GBP
Luis Paints the World,53.95,In stock,GBP
Luckiest Girl Alive,49.83,In stock,GBP
Lowriders to the Center of the Earth (Lowriders in Space #2),51.51,In stock,GBP
Love Is a Mix Tape (Music #1),18.03,In stock,GBP
Looking for Lovely: Collecting the Moments that Matter,29.14,In stock,GBP
"Living Leadership by Insight: A Good Leader Achieves, a Great Leader Builds Monuments",46.91,In stock,GBP
Let It Out: A Journey Through Journaling,26.79,In stock,GBP
Lady Midnight (The Dark Artifices #1),16.28,In stock,GBP
"It's All Easy: Healthy, Delicious Weeknight Meals in under 30 Minutes",19.55,In stock,GBP
Island of Dragons (Unwanteds #7),29.65,In stock,GBP
I Know What I'm Doing -- and Other Lies I Tell Myself: Dispatches from a Life Under Construction,25.98,In stock,GBP
I Am Pilgrim (Pilgrim #1),10.6,In stock,GBP
"Hyperbole and a Half: Unfortunate Situations, Flawed Coping Mechanisms, Mayhem, and Other Things That Happened",14.75,In stock,GBP
"Hush, Hush (Hush, Hush #1)",47.02,In stock,GBP
Hold Your Breath (Search and Rescue #1),28.82,In stock,GBP
Hamilton: The Revolution,58.79,In stock,GBP
Greek Mythic History,10.23,In stock,GBP
God: The Most Unpleasant Character in All Fiction,30.03,In stock,GBP
Glory over Everything: Beyond The Kitchen House,45.84,In stock,GBP
Feathers: Displays of Brilliant Plumage,49.05,In stock,GBP
"Far & Away: Places on the Brink of Change: Seven Continents, Twenty-Five Years",15.06,In stock,GBP
Every Last Word,46.47,In stock,GBP
Eligible (The Austen Project #4),27.09,In stock,GBP
El Deafo,57.62,In stock,GBP
Eight Hundred Grapes,14.39,In stock,GBP
"Eaternity: More than 150 Deliciously Easy Vegan Recipes for a Long, Healthy, Satisfied, Joyful Life",51.75,In stock,GBP
"Eat Fat, Get Thin",54.07,In stock,GBP
Don't Get Caught,55.35,In stock,GBP
Doctor Sleep (The Shining #2),40.12,In stock,GBP
Demigods & Magicians: Percy and Annabeth Meet the Kanes (Percy Jackson & Kane Chronicles Crossover #1-3),37.51,In stock,GBP
Dear Mr. Knightley,11.21,In stock,GBP
Daily Fantasy Sports,36.58,In stock,GBP
Crazy Love: Overwhelmed by a Relentless God,47.72,In stock,GBP
Cometh the Hour (The Clifton Chronicles #6),25.01,In stock,GBP
Code Name Verity (Code Name Verity #1),22.13,In stock,GBP
Clockwork Angel (The Infernal Devices #1),44.14,In stock,GBP
City of Glass (The Mortal Instruments #3),56.02,In stock,GBP
City of Fallen Angels (The Mortal Instruments #4),11.23,In stock,GBP
City of Bones (The Mortal Instruments #1),43.28,In stock,GBP
City of Ashes (The Mortal Instruments #2),47.27,In stock,GBP
Cell,20.29,In stock,GBP
Catching Jordan (Hundred Oaks),50.83,In stock,GBP
"Carry On, Warrior: Thoughts on Life Unarmed",31.85,In stock,GBP
Carrie,46.23,In stock,GBP
Buying In: The Secret Dialogue Between What We Buy and Who We Are,37.8,In stock,GBP
Brain on Fire: My Month of Madness,49.32,In stock,GBP
Batman: Europa,32.01,In stock,GBP
Barefoot Contessa Back to Basics,28.01,In stock,GBP
Barefoot Contessa at Home: Everyday Recipes You'll Make Over and Over Again,50.62,In stock,GBP
Balloon Animals,17.03,In stock,GBP
Art Ops Vol. 1,48.8,In stock,GBP
Aristotle and Dante Discover the Secrets of the Universe (Aristotle and Dante Discover the Secrets of the Universe #1),58.14,In stock,GBP
Angels Walking (Angels Walking #1),34.2,In stock,GBP
Angels & Demons (Robert Langdon #1),51.48,In stock,GBP
All the Light We Cannot See,29.87,In stock,GBP
"Adulthood Is a Myth: A ""Sarah's Scribbles"" Collection",10.9,In stock,GBP
Abstract City,56.37,In stock,GBP
A Time of Torment (Charlie Parker #14),48.35,In stock,GBP
A Study in Scarlet (Sherlock Holmes #1),16.73,In stock,GBP
"A Series of Catastrophes and Miracles: A True Story of Love, Science, and Cancer",56.48,In stock,GBP
A People's History of the United States,40.79,In stock,GBP
A Man Called Ove,39.72,In stock,GBP
A Distant Mirror: The Calamitous 14th Century,14.58,In stock,GBP
A Brush of Wings (Angels Walking #3),55.51,In stock,GBP
1491: New Revelations of the Americas Before Columbus,21.8,In stock,GBP
"The Three Searches, Meaning, and the Story",13.33,In stock,GBP
Searching for Meaning in Gailana,38.73,In stock,GBP
Rook,37.86,In stock,GBP
My Kitchen Year: 136 Recipes That Saved My Life,11.53,In stock,GBP
13 Hours: The Inside Account of What Really Happened In Benghazi,27.06,In stock,GBP
Will You Won't You Want Me?,13.86,In stock,GBP
Tipping Point for Planet Earth: How Close Are We to the Edge?,37.55,In stock,GBP
The Star-Touched Queen,32.3,In stock,GBP
The Silent Sister (Riley MacPherson #1),46.29,In stock,GBP
The Midnight Watch: A Novel of the Titanic and the Californian,26.2,In stock,GBP
The Lonely City: Adventures in the Art of Being Alone,33.26,In stock,GBP
The Gray Rhino: How to Recognize and Act on the Obvious Dangers We Ignore,59.15,In stock,GBP
The Golden Condom: And Other Essays on Love Lost and Found,39.43,In stock,GBP
The Epidemic (The Program 0.6),14.44,In stock,GBP
The Dinner Party,56.54,In stock,GBP
The Diary of a Young Girl,59.9,In stock,GBP
The Children,11.88,In stock,GBP
Stars Above (The Lunar Chronicles #4.5),48.05,In stock,GBP
Snatched: How A Drug Queen Went Undercover for the DEA and Was Kidnapped By Colombian Guerillas,21.21,In stock,GBP
Raspberry Pi Electronics Projects for the Evil Genius,49.67,In stock,GBP
Quench Your Own Thirst: Business Lessons Learned Over a Beer or Two,43.14,In stock,GBP
Psycho: Sanitarium (Psycho #1.5),36.97,In stock,GBP
Poisonous (Max Revere Novels #3),26.8,In stock,GBP
One with You (Crossfire #5),15.71,In stock,GBP
No Love Allowed (Dodge Cove #1),54.65,In stock,GBP
Murder at the 42nd Street Library (Raymond Ambler #1),54.36,In stock,GBP
Most Wanted,35.28,In stock,GBP
"Love, Lies and Spies",20.55,In stock,GBP
How to Speak Golf: An Illustrated Guide to Links Lingo,58.32,In stock,GBP
Hide Away (Eve Duncan #20),11.84,In stock,GBP
Furiously Happy: A Funny Book About Horrible Things,41.46,In stock,GBP
Everyday Italian: 125 Simple and Delicious Recipes,20.1,In stock,GBP
Equal Is Unfair: America's Misguided Fight Against Income Inequality,56.86,In stock,GBP
Eleanor & Park,56.51,In stock,GBP
Dirty (Dive Bar #1),40.83,In stock,GBP
Can You Keep a Secret? (Fear Street Relaunch #4),48.64,In stock,GBP
Boar Island (Anna Pigeon #19),59.48,In stock,GBP
A Paris Apartment,39.01,In stock,GBP
"A la Mode: 120 Recipes in 60 Pairings: Pies, Tarts, Cakes, Crisps, and More Topped with Ice Cream, Gelato, Frozen Custard, and More",38.77,In stock,GBP
Troublemaker: Surviving Hollywood and Scientology,48.39,In stock,GBP
The Widow,27.26,In stock,GBP
"The Sleep Revolution: Transforming Your Life, One Night at a Time",11.68,In stock,GBP
The Improbability of Love,59.45,In stock,GBP
The Art of Startup Fundraising,21.0,In stock,GBP
Take Me Home Tonight (Rock Star Romance #3),53.98,In stock,GBP
Sleeping Giants (Themis Files #1),48.74,In stock,GBP
"Setting the World on Fire: The Brief, Astonishing Life of St. Catherine of Siena",21.15,In stock,GBP
Playing with Fire,13.71,In stock,GBP
Off the Hook (Fishing for Trouble #1),47.67,In stock,GBP
Mothering Sunday,13.34,In stock,GBP
"Mother, Can You Not?",16.89,In stock,GBP
M Train,27.18,In stock,GBP
Lilac Girls,17.28,In stock,GBP
Lies and Other Acts of Love,45.14,In stock,GBP
Lab Girl,40.85,In stock,GBP
Keep Me Posted,20.46,In stock,GBP
It Didn't Start with You: How Inherited Family Trauma Shapes Who We Are and How to End the Cycle,56.27,In stock,GBP
Grey (Fifty Shades #4),48.49,In stock,GBP
"Exit, Pursued by a Bear",51.34,In stock,GBP
Daredevils,16.34,In stock,GBP
Cravings: Recipes for What You Want to Eat,20.5,In stock,GBP
Born for This: How to Find the Work You Were Meant to Do,21.59,In stock,GBP
Arena,21.36,In stock,GBP
Adultery,20.88,In stock,GBP
A Mother's Reckoning: Living in the Aftermath of Tragedy,19.53,In stock,GBP
A Gentleman's Position (Society of Gentlemen #3),14.75,In stock,GBP
11/22/63,48.48,In stock,GBP
"10% Happier: How I Tamed the Voice in My Head, Reduced Stress Without Losing My Edge, and Found Self-Help That Actually Works",24.57,In stock,GBP
10-Day Green Smoothie Cleanse: Lose Up to 15 Pounds in 10 Days!,49.71,In stock,GBP
Without Shame,48.27,In stock,GBP
Watchmen,58.05,In stock,GBP
Unlimited Intuition Now,58.87,In stock,GBP
Underlying Notes,11.82,In stock,GBP
The Shack,28.03,In stock,GBP
The New Brand You: Your New Image Makes the Sale for You,44.05,In stock,GBP
"The Moosewood Cookbook: Recipes from Moosewood Restaurant, Ithaca, New York",12.34,In stock,GBP
The Flowers Lied,16.68,In stock,GBP
"The Fabric of the Cosmos: Space, Time, and the Texture of Reality",55.91,In stock,GBP
The Book of Mormon,24.57,In stock,GBP
The Art and Science of Low Carbohydrate Living,52.98,In stock,GBP
The Alien Club,54.4,In stock,GBP
Suzie Snowflake: One beautiful flake (a self-esteem story),54.81,In stock,GBP
Nap-a-Roo,25.08,In stock,GBP
"NaNo What Now? Finding your editing process, revising your NaNoWriMo book and building a writing career through publishing and beyond",10.41,In stock,GBP
Modern Day Fables,47.44,In stock,GBP
If I Gave You God's Phone Number....: Searching for Spirituality in America,20.91,In stock,GBP
"Fruits Basket, Vol. 9 (Fruits Basket #9)",33.95,In stock,GBP
Dress Your Family in Corduroy and Denim,43.68,In stock,GBP
Don't Forget Steven,33.23,In stock,GBP
Chernobyl 01:23:40: The Incredible True Story of the World's Worst Nuclear Disaster,35.92,In stock,GBP
Art and Fear: Observations on the Perils (and Rewards) of Artmaking,48.63,In stock,GBP
A Shard of Ice (The Black Symphony Saga #1),56.63,In stock,GBP
A Hero's Curse (The Unseen Chronicles #1),50.49,In stock,GBP
23 Degrees South: A Tropical Tale of Changing Whether...,35.79,In stock,GBP
"Zero to One: Notes on Startups, or How to Build the Future",34.06,In stock,GBP
Why Not Me?,17.76,In stock,GBP
When Breath Becomes Air,39.36,In stock,GBP
Vagabonding: An Uncommon Guide to the Art of Long-Term World Travel,36.94,In stock,GBP
The Unlikely Pilgrimage of Harold Fry (Harold Fry #1),43.62,In stock,GBP
The New Drawing on the Right Side of the Brain,43.02,In stock,GBP
"The Midnight Assassin: Panic, Scandal, and the Hunt for America's First Serial Killer",28.45,In stock,GBP
The Martian (The Martian #1),41.39,In stock,GBP
The High Mountains of Portugal,51.15,In stock,GBP
The Grownup,35.88,In stock,GBP
The E-Myth Revisited: Why Most Small Businesses Don't Work and What to Do About It,36.91,In stock,GBP
South of Sunshine,28.93,In stock,GBP
Smarter Faster Better: The Secrets of Being Productive in Life and Business,38.89,In stock,GBP
Silence in the Dark (Logan Point #4),58.33,In stock,GBP
Shadows of the Past (Logan Point #1),39.67,In stock,GBP
Roller Girl,14.1,In stock,GBP
Rising Strong,21.82,In stock,GBP
Proofs of God: Classical Arguments from Tertullian to Barth,54.21,In stock,GBP
Please Kill Me: The Uncensored Oral History of Punk,31.19,In stock,GBP
Out of Print: City Lights Spotlight No. 14,53.64,In stock,GBP
My Life Next Door (My Life Next Door ),36.39,In stock,GBP
Miller's Valley,58.54,In stock,GBP
Man's Search for Meaning,29.48,In stock,GBP
"Love That Boy: What Two Presidents, Eight Road Trips, and My Son Taught Me About a Parent's Expectations",25.06,In stock,GBP
Living Forward: A Proven Plan to Stop Drifting and Get the Life You Want,12.55,In stock,GBP
Les Fleurs du Mal,29.04,In stock,GBP
Left Behind (Left Behind #1),40.72,In stock,GBP
Kill 'Em and Leave: Searching for James Brown and the American Soul,45.05,In stock,GBP
Kierkegaard: A Christian Missionary to Christians,47.13,In stock,GBP
John Vassos: Industrial Design for Modern Life,20.22,In stock,GBP
I'll Give You the Sun,56.48,In stock,GBP
I Will Find You,44.21,In stock,GBP
Hystopia: A Novel,21.96,In stock,GBP
Howl and Other Poems,40.45,In stock,GBP
History of Beauty,10.29,In stock,GBP
Heaven is for Real: A Little Boy's Astounding Story of His Trip to Heaven and Back,52.86,In stock,GBP
Future Shock (Future Shock #1),55.65,In stock,GBP
Ender's Game (The Ender Quintet #1),43.64,In stock,GBP
Diary of a Citizen Scientist: Chasing Tiger Beetles and Other New Ways of Engaging the World,28.41,In stock,GBP
Death by Leisure: A Cautionary Tale,37.51,In stock,GBP
Brilliant Beacons: A History of the American Lighthouse,11.45,In stock,GBP
Brazen: The Courage to Find the You That's Been Hiding,19.22,In stock,GBP
Between the World and Me,56.91,In stock,GBP
Being Mortal: Medicine and What Matters in the End,55.06,In stock,GBP
"A Murder Over a Girl: Justice, Gender, Junior High",13.2,In stock,GBP
32 Yolks,53.63,In stock,GBP
"""Most Blessed of the Patriarchs"": Thomas Jefferson and the Empire of the Imagination",44.48,In stock,GBP
You Are a Badass: How to Stop Doubting Your Greatness and Start Living an Awesome Life,12.08,In stock,GBP
Wildlife of New York: A Five-Borough Coloring Book,22.14,In stock,GBP
What Happened on Beale Street (Secrets of the South Mysteries #2),25.37,In stock,GBP
Unreasonable Hope: Finding Faith in the God Who Brings Purpose to Your Pain,46.33,In stock,GBP
Under the Tuscan Sun,37.33,In stock,GBP
Toddlers Are A**holes: It's Not Your Fault,25.55,In stock,GBP
The Year of Living Biblically: One Man's Humble Quest to Follow the Bible as Literally as Possible,34.72,In stock,GBP
The Whale,35.96,In stock,GBP
The Story of Art,41.14,In stock,GBP
The Origin of Species,10.01,In stock,GBP
The Great Gatsby,36.05,In stock,GBP
The Good Girl,49.03,In stock,GBP
The Glass Castle,16.24,In stock,GBP
The Faith of Christopher Hitchens: The Restless Soul of the World's Most Notorious Atheist,39.55,In stock,GBP
The Drowning Girls,35.67,In stock,GBP
The Constant Princess (The Tudor Court #1),16.62,In stock,GBP
The Bourne Identity (Jason Bourne #1),42.78,In stock,GBP
The Bachelor Girl's Guide to Murder (Herringford and Watts Mysteries #1),52.3,In stock,GBP
The Art Book,32.34,In stock,GBP
The 7 Habits of Highly Effective People: Powerful Lessons in Personal Change,33.17,In stock,GBP
Team of Rivals: The Political Genius of Abraham Lincoln,20.12,In stock,GBP
Steal Like an Artist: 10 Things Nobody Told You About Being Creative,20.9,In stock,GBP
"Sit, Stay, Love",20.9,In stock,GBP
Sister Dear,40.2,In stock,GBP
"Shrunken Treasures: Literary Classics, Short, Sweet, and Silly",52.87,In stock,GBP
"Rich Dad, Poor Dad",51.74,In stock,GBP
Raymie Nightingale,34.41,In stock,GBP
Playing from the Heart,32.38,In stock,GBP
Nightstruck: A Novel,50.35,In stock,GBP
"Naturally Lean: 125 Nourishing Gluten-Free, Plant-Based Recipes--All Under 300 Calories",11.38,In stock,GBP
Meternity,43.58,In stock,GBP
Memoirs of a Geisha,49.67,In stock,GBP
Like Never Before (Walker Family #2),28.77,In stock,GBP
Life of Pi,13.22,In stock,GBP
Leave This Song Behind: Teen Poetry at Its Best,51.17,In stock,GBP
King's Folly (The Kinsman Chronicles #1),39.61,In stock,GBP
John Adams,57.43,In stock,GBP
How to Cook Everything Vegetarian: Simple Meatless Recipes for Great Food (How to Cook Everything),46.01,In stock,GBP
How to Be a Domestic Goddess: Baking and the Art of Comfort Cooking,28.25,In stock,GBP
Good in Bed (Cannie Shapiro #1),37.05,In stock,GBP
"Fruits Basket, Vol. 7 (Fruits Basket #7)",19.57,In stock,GBP
For the Love: Fighting for Grace in a World of Impossible Standards,45.13,In stock,GBP
Finding God in the Ruins: How God Redeems Pain,46.64,In stock,GBP
Every Heart a Doorway (Every Heart A Doorway #1),12.16,In stock,GBP
Delivering the Truth (Quaker Midwife Mystery #1),20.89,In stock,GBP
Counted With the Stars (Out from Egypt #1),17.97,In stock,GBP
"Chronicles, Vol. 1",52.6,In stock,GBP
Blue Like Jazz: Nonreligious Thoughts on Christian Spirituality,25.77,In stock,GBP
Benjamin Franklin: An American Life,48.19,In stock,GBP
"At The Existentialist CafÃ©: Freedom, Being, and apricot cocktails with: Jean-Paul Sartre, Simone de Beauvoir, Albert Camus, Martin Heidegger, Edmund Husserl, Karl Jaspers, Maurice Merleau-Ponty and others",29.93,In stock,GBP
A Summer In Europe,44.34,In stock,GBP
A Short History of Nearly Everything,52.4,In stock,GBP
A Gathering of Shadows (Shades of Magic #2),44.81,In stock,GBP
The Sound Of Love,57.84,In stock,GBP
The Rise and Fall of the Third Reich: A History of Nazi Germany,39.67,In stock,GBP
The Perks of Being a Wallflower,55.02,In stock,GBP
The Mysterious Affair at Styles (Hercule Poirot #1),24.8,In stock,GBP
The Man Who Mistook His Wife for a Hat and Other Clinical Tales,59.45,In stock,GBP
The Makings of a Fatherless Child,31.58,In stock,GBP
The Joy of Cooking,43.27,In stock,GBP
The Invention of Wings,37.34,In stock,GBP
The Hobbit (Middle-Earth Universe),17.8,In stock,GBP
The Great Railway Bazaar,30.54,In stock,GBP
The Golden Compass (His Dark Materials #1),18.77,In stock,GBP
The God Delusion,46.85,In stock,GBP
The Girl You Left Behind (The Girl You Left Behind #1),15.79,In stock,GBP
The Fellowship of the Ring (The Lord of the Rings #1),10.27,In stock,GBP
The Collected Poems of W.B. Yeats (The Collected Works of W.B. Yeats #1),15.42,In stock,GBP
The Barefoot Contessa Cookbook,59.92,In stock,GBP
Tell the Wolves I'm Home,50.96,In stock,GBP
Ship Leaves Harbor: Essays on Travel by a Recovering Journeyman,30.6,In stock,GBP
Pride and Prejudice,19.27,In stock,GBP
Musicophilia: Tales of Music and the Brain,46.58,In stock,GBP
Mere Christianity,48.51,In stock,GBP
Me Before You (Me Before You #1),19.02,In stock,GBP
In the Woods (Dublin Murder Squad #1),38.38,In stock,GBP
In Cold Blood,49.98,In stock,GBP
How to Stop Worrying and Start Living,46.49,In stock,GBP
Give It Back,18.32,In stock,GBP
"Girl, Interrupted",42.14,In stock,GBP
Fun Home: A Family Tragicomic,56.59,In stock,GBP
"Fruits Basket, Vol. 6 (Fruits Basket #6)",20.96,In stock,GBP
Deception Point,40.32,In stock,GBP
"Death Note, Vol. 6: Give-and-Take (Death Note #6)",36.39,In stock,GBP
Catherine the Great: Portrait of a Woman,58.55,In stock,GBP
Better Homes and Gardens New Cook Book,39.61,In stock,GBP
An Unquiet Mind: A Memoir of Moods and Madness,21.3,In stock,GBP
A Year in Provence (Provence #1),56.88,In stock,GBP
World Without End (The Pillars of the Earth #2),32.97,In stock,GBP
"Will Grayson, Will Grayson (Will Grayson, Will Grayson)",47.31,In stock,GBP
Why Save the Bankers?: And Other Essays on Our Economic and Political Crisis,48.67,In stock,GBP
Where She Went (If I Stay #2),41.73,In stock,GBP
What If?: Serious Scientific Answers to Absurd Hypothetical Questions,53.68,In stock,GBP
Two Summers,14.64,In stock,GBP
This Is Your Brain on Music: The Science of a Human Obsession,38.4,In stock,GBP
The Secret Garden,15.08,In stock,GBP
The Raven King (The Raven Cycle #4),30.57,In stock,GBP
The Raven Boys (The Raven Cycle #1),57.74,In stock,GBP
The Power Greens Cookbook: 140 Delicious Superfood Recipes,11.05,In stock,GBP
The Metamorphosis,28.58,In stock,GBP
The Mathews Men: Seven Brothers and the War Against Hitler's U-boats,42.91,In stock,GBP
The Little Paris Bookshop,24.73,In stock,GBP
The Hiding Place,55.91,In stock,GBP
The Grand Design,13.76,In stock,GBP
The Firm,45.56,In stock,GBP
The Fault in Our Stars,47.22,In stock,GBP
The False Prince (The Ascendance Trilogy #1),56.0,In stock,GBP
The Expatriates,44.58,In stock,GBP
The Dream Thieves (The Raven Cycle #2),34.5,In stock,GBP
The Darkest Corners,11.33,In stock,GBP
The Crossover,38.77,In stock,GBP
The 5th Wave (The 5th Wave #1),11.83,In stock,GBP
Tell the Wind and Fire,45.51,In stock,GBP
Tell Me Three Things,41.81,In stock,GBP
Talking to Girls About Duran Duran: One Young Man's Quest for True Love and a Cooler Haircut,25.15,In stock,GBP
Siddhartha,34.22,In stock,GBP
Shiver (The Wolves of Mercy Falls #1),16.23,In stock,GBP
Remember Me?,11.48,In stock,GBP
Red Dragon (Hannibal Lecter #1),23.37,In stock,GBP
Peak: Secrets from the New Science of Expertise,16.28,In stock,GBP
My Mother Was Nuts,31.63,In stock,GBP
Mexican Today: New and Rediscovered Recipes for Contemporary Kitchens,24.91,In stock,GBP
Maybe Something Beautiful: How Art Transformed a Neighborhood,22.54,In stock,GBP
Lola and the Boy Next Door (Anna and the French Kiss #2),23.63,In stock,GBP
Logan Kade (Fallen Crest High #5.5),13.12,In stock,GBP
Last One Home (New Beginnings #1),59.98,In stock,GBP
Killing Floor (Jack Reacher #1),31.49,In stock,GBP
Kill the Boy Band,15.52,In stock,GBP
Isla and the Happily Ever After (Anna and the French Kiss #3),48.13,In stock,GBP
If I Stay (If I Stay #1),38.13,In stock,GBP
I Know Why the Caged Bird Sings (Maya Angelou's Autobiography #1),36.55,In stock,GBP
Harry Potter and the Deathly Hallows (Harry Potter #7),23.32,In stock,GBP
"Fruits Basket, Vol. 5 (Fruits Basket #5)",16.33,In stock,GBP
Foundation (Foundation (Publication Order) #1),32.42,In stock,GBP
Fool Me Once,16.96,In stock,GBP
Find Her (Detective D.D. Warren #8),22.37,In stock,GBP
Evicted: Poverty and Profit in the American City,42.27,In stock,GBP
Drama,38.7,In stock,GBP
Dracula the Un-Dead,35.63,In stock,GBP
Digital Fortress,58.0,In stock,GBP
"Death Note, Vol. 5: Whiteout (Death Note #5)",52.41,In stock,GBP
"Data, A Love Story: How I Gamed Online Dating to Meet My Match",32.35,In stock,GBP
Critique of Pure Reason,20.75,In stock,GBP
Booked,17.49,In stock,GBP
"Blue Lily, Lily Blue (The Raven Cycle #3)",34.13,In stock,GBP
Approval Junkie: Adventures in Caring Too Much,58.81,In stock,GBP
An Abundance of Katherines,10.0,In stock,GBP
America's War for the Greater Middle East: A Military History,51.22,In stock,GBP
Alight (The Generations Trilogy #2),58.59,In stock,GBP
A Girl's Guide to Moving On (New Beginnings #2),31.3,In stock,GBP
A Game of Thrones (A Song of Ice and Fire #1),46.42,In stock,GBP
A Feast for Crows (A Song of Ice and Fire #4),17.21,In stock,GBP
A Clash of Kings (A Song of Ice and Fire #2),10.79,In stock,GBP
Vogue Colors A to Z: A Fashion Coloring Book,52.35,In stock,GBP
The Shining (The Shining #1),27.88,In stock,GBP
The Pilgrim's Progress,50.26,In stock,GBP
The Perfect Play (Play by Play #1),59.99,In stock,GBP
The Passion of Dolssa,28.32,In stock,GBP
The Jazz of Physics: The Secret Link Between Music and the Structure of the Universe,38.71,In stock,GBP
The Hunger Games (The Hunger Games #1),29.85,In stock,GBP
The Hound of the Baskervilles (Sherlock Holmes #5),14.82,In stock,GBP
The Gunning of America: Business and the Making of American Gun Culture,16.81,In stock,GBP
The Geography of Bliss: One Grump's Search for the Happiest Places in the World,28.23,In stock,GBP
The Demonists (Demonist #1),52.11,In stock,GBP
"The Demon Prince of Momochi House, Vol. 4 (The Demon Prince of Momochi House #4)",27.88,In stock,GBP
The Bone Hunters (Lexy Vaughan & Steven Macaulay #2),59.71,In stock,GBP
The Beast (Black Dagger Brotherhood #14),46.08,In stock,GBP
Some Women,13.73,In stock,GBP
Shopaholic Ties the Knot (Shopaholic #3),48.39,In stock,GBP
Paper and Fire (The Great Library #2),49.45,In stock,GBP
Outlander (Outlander #1),19.67,In stock,GBP
"Orchestra of Exiles: The Story of Bronislaw Huberman, the Israel Philharmonic, and the One Thousand Jews He Saved from Nazi Horrors",12.36,In stock,GBP
No One Here Gets Out Alive,20.02,In stock,GBP
Night Shift (Night Shift #1-20),12.75,In stock,GBP
Needful Things,47.51,In stock,GBP
Mockingjay (The Hunger Games #3),20.44,In stock,GBP
Misery,34.79,In stock,GBP
Little Women (Little Women #1),28.07,In stock,GBP
It,25.01,In stock,GBP
Harry Potter and the Sorcerer's Stone (Harry Potter #1),13.9,In stock,GBP
Harry Potter and the Prisoner of Azkaban (Harry Potter #3),24.17,In stock,GBP
Harry Potter and the Order of the Phoenix (Harry Potter #5),31.63,In stock,GBP
Harry Potter and the Half-Blood Prince (Harry Potter #6),48.75,In stock,GBP
Harry Potter and the Chamber of Secrets (Harry Potter #2),14.74,In stock,GBP
Gone with the Wind,32.49,In stock,GBP
God Is Not Great: How Religion Poisons Everything,27.8,In stock,GBP
Girl With a Pearl Earring,26.77,In stock,GBP
"Fruits Basket, Vol. 4 (Fruits Basket #4)",50.44,In stock,GBP
Far From True (Promise Falls Trilogy #2),34.93,In stock,GBP
Dark Lover (Black Dagger Brotherhood #1),12.87,In stock,GBP
Confessions of a Shopaholic (Shopaholic #1),48.94,In stock,GBP
Changing the Game (Play by Play #2),13.38,In stock,GBP
Candide,58.63,In stock,GBP
Can You Keep a Secret?,21.94,In stock,GBP
Atlas Shrugged,26.58,In stock,GBP
Animal Farm,57.22,In stock,GBP
A Walk to Remember,56.43,In stock,GBP
A New Earth: Awakening to Your Life's Purpose,55.65,In stock,GBP
"A History of God: The 4,000-Year Quest of Judaism, Christianity, and Islam",27.62,In stock,GBP
'Salem's Lot,49.56,In stock,GBP
Zero History (Blue Ant #3),34.77,In stock,GBP
Wuthering Heights,17.73,In stock,GBP
World War Z: An Oral History of the Zombie War,21.8,In stock,GBP
Wild: From Lost to Found on the Pacific Crest Trail,46.02,In stock,GBP
"Where'd You Go, Bernadette",18.13,In stock,GBP
When You Are Engulfed in Flames,30.89,In stock,GBP
We the People: The Modern-Day Figures Who Have Reshaped and Affirmed the Founding Fathers' Vision of America,31.95,In stock,GBP
We Are All Completely Beside Ourselves,24.04,In stock,GBP
Walk the Edge (Thunder Road #2),32.36,In stock,GBP
Voyager (Outlander #3),21.07,In stock,GBP
Very Good Lives: The Fringe Benefits of Failure and the Importance of Imagination,50.66,In stock,GBP
Vegan Vegetarian Omnivore: Dinner for Everyone at the Table,13.66,In stock,GBP
"Unstuffed: Decluttering Your Home, Mind, and Soul",58.09,In stock,GBP
Under the Banner of Heaven: A Story of Violent Faith,30.0,In stock,GBP
Two Boys Kissing,32.74,In stock,GBP
Twilight (Twilight #1),41.93,In stock,GBP
Twenties Girl,42.8,In stock,GBP
"Trespassing Across America: One Man's Epic, Never-Done-Before (and Sort of Illegal) Hike Across the Heartland",53.51,In stock,GBP
Three-Martini Lunch,23.21,In stock,GBP
"Thinking, Fast and Slow",21.14,In stock,GBP
The Wild Robot,56.07,In stock,GBP
"The Wicked + The Divine, Vol. 3: Commercial Suicide (The Wicked + The Divine)",14.41,In stock,GBP
The Undomestic Goddess,45.75,In stock,GBP
The Travelers,15.77,In stock,GBP
The Tipping Point: How Little Things Can Make a Big Difference,10.02,In stock,GBP
The Thing About Jellyfish,48.77,In stock,GBP
The Stand,57.86,In stock,GBP
The Smitten Kitchen Cookbook,23.59,In stock,GBP
The Silkworm (Cormoran Strike #2),23.05,In stock,GBP
"The Sandman, Vol. 3: Dream Country (The Sandman (volumes) #3)",55.55,In stock,GBP
The Rose & the Dagger (The Wrath and the Dawn #2),58.64,In stock,GBP
The Road to Little Dribbling: Adventures of an American in Britain (Notes From a Small Island #2),23.21,In stock,GBP
The Rise of Theodore Roosevelt (Theodore Roosevelt #1),42.57,In stock,GBP
The Restaurant at the End of the Universe (Hitchhiker's Guide to the Galaxy #2),10.92,In stock,GBP
The Rest Is Noise: Listening to the Twentieth Century,34.77,In stock,GBP
The Red Tent,35.66,In stock,GBP
The Purpose Driven Life: What on Earth Am I Here for?,37.19,In stock,GBP
The Purest Hook (Second Circle Tattoos #3),12.25,In stock,GBP
The Picture of Dorian Gray,29.7,In stock,GBP
The Paris Wife,36.8,In stock,GBP
The Obsession,45.43,In stock,GBP
The Nightingale,26.26,In stock,GBP
The New Guy (and Other Senior Year Distractions),44.92,In stock,GBP
The Nanny Diaries (Nanny #1),52.53,In stock,GBP
The Name of God is Mercy,37.25,In stock,GBP
The Maze Runner (The Maze Runner #1),20.93,In stock,GBP
The Lover's Dictionary,58.09,In stock,GBP
The Lonely Ones,43.59,In stock,GBP
The Lean Startup: How Today's Entrepreneurs Use Continuous Innovation to Create Radically Successful Businesses,33.92,In stock,GBP
The Last Painting of Sara de Vos,55.55,In stock,GBP
"The Land of 10,000 Madonnas",29.64,In stock,GBP
The Infinities,27.41,In stock,GBP
The Husband's Secret,52.51,In stock,GBP
The Hitchhiker's Guide to the Galaxy (Hitchhiker's Guide to the Galaxy #1),47.8,In stock,GBP
The Guns of August,14.54,In stock,GBP
The Guernsey Literary and Potato Peel Pie Society,49.53,In stock,GBP
The Goldfinch,43.58,In stock,GBP
The Giver (The Giver Quartet #1),12.3,In stock,GBP
The Girl with All the Gifts,49.47,In stock,GBP
The Girl Who Played with Fire (Millennium Trilogy #2),22.14,In stock,GBP
The Girl Who Kicked the Hornet's Nest (Millennium Trilogy #3),57.48,In stock,GBP
The Exiled,43.45,In stock,GBP
"The End of Faith: Religion, Terror, and the Future of Reason",22.13,In stock,GBP
"The Elegant Universe: Superstrings, Hidden Dimensions, and the Quest for the Ultimate Theory",13.03,In stock,GBP
"The Disappearing Spoon: And Other True Tales of Madness, Love, and the History of the World from the Periodic Table of the Elements",57.35,In stock,GBP
The Devil Wears Prada (The Devil Wears Prada #1),44.29,In stock,GBP
The Demon-Haunted World: Science as a Candle in the Dark,52.25,In stock,GBP
The Day the Crayons Came Home (Crayons),26.33,In stock,GBP
The Da Vinci Code (Robert Langdon #2),22.96,In stock,GBP
The Cuckoo's Calling (Cormoran Strike #1),19.21,In stock,GBP
The Complete Stories and Poems (The Works of Edgar Allan Poe [Cameo Edition]),26.78,In stock,GBP
The Complete Poems,41.32,In stock,GBP
The Catcher in the Rye,24.55,In stock,GBP
The Cat in the Hat (Beginner Books B-1),16.26,In stock,GBP
The Case for Christ (Cases for Christianity),47.84,In stock,GBP
The Book Thief,53.49,In stock,GBP
The Book of Basketball: The NBA According to The Sports Guy,44.84,In stock,GBP
The Blind Side: Evolution of a Game,53.71,In stock,GBP
The Autobiography of Malcolm X,23.43,In stock,GBP
"The Art of Simple Food: Notes, Lessons, and Recipes from a Delicious Revolution",34.32,In stock,GBP
The Art of Fielding,22.1,In stock,GBP
"Surely You're Joking, Mr. Feynman!: Adventures of a Curious Character",25.83,In stock,GBP
Stiff: The Curious Lives of Human Cadavers,36.74,In stock,GBP
Spilled Milk: Based on a True Story,49.51,In stock,GBP
Something Borrowed (Darcy & Rachel #1),48.96,In stock,GBP
Something Blue (Darcy & Rachel #2),54.62,In stock,GBP
Soldier (Talon #3),24.72,In stock,GBP
Shopaholic & Baby (Shopaholic #5),46.45,In stock,GBP
Seven Days in the Art World,52.33,In stock,GBP
Seven Brief Lessons on Physics,30.6,In stock,GBP
Scarlet (The Lunar Chronicles #2),14.57,In stock,GBP
Sarah's Key,46.29,In stock,GBP
"Saga, Volume 3 (Saga (Collected Editions) #3)",21.57,In stock,GBP
Running with Scissors,12.91,In stock,GBP
Rogue Lawyer (Rogue Lawyer #1),50.11,In stock,GBP
"Rise of the Rocket Girls: The Women Who Propelled Us, from Missiles to the Moon to Mars",41.67,In stock,GBP
Rework,44.88,In stock,GBP
Reservations for Two,11.1,In stock,GBP
Red: The True Story of Red Riding Hood,28.54,In stock,GBP
Ready Player One,19.07,In stock,GBP
Quiet: The Power of Introverts in a World That Can't Stop Talking,43.55,In stock,GBP
Prodigy: The Graphic Novel (Legend: The Graphic Novel #2),43.63,In stock,GBP
Persepolis: The Story of a Childhood (Persepolis #1-2),39.13,In stock,GBP
Packing for Mars: The Curious Science of Life in the Void,56.68,In stock,GBP
Outliers: The Story of Success,14.16,In stock,GBP
Original Fake,31.45,In stock,GBP
Orange Is the New Black,24.61,In stock,GBP
One for the Money (Stephanie Plum #1),32.87,In stock,GBP
Notes from a Small Island (Notes From a Small Island #1),40.17,In stock,GBP
Night (The Night Trilogy #1),13.51,In stock,GBP
Neither Here nor There: Travels in Europe,38.95,In stock,GBP
Naked,31.69,In stock,GBP
Morning Star (Red Rising #3),29.4,In stock,GBP
"Miracles from Heaven: A Little Girl, Her Journey to Heaven, and Her Amazing Story of Healing",57.83,In stock,GBP
Midnight Riot (Peter Grant/ Rivers of London - books #1),55.46,In stock,GBP
Me Talk Pretty One Day,57.6,In stock,GBP
Manuscript Found in Accra,34.98,In stock,GBP
Lust & Wonder,11.87,In stock,GBP
Lila (Gilead #3),12.47,In stock,GBP
"Life, the Universe and Everything (Hitchhiker's Guide to the Galaxy #3)",33.26,In stock,GBP
Life Without a Recipe,59.04,In stock,GBP
Life After Life,26.13,In stock,GBP
Letter to a Christian Nation,22.2,In stock,GBP
Let's Pretend This Never Happened: A Mostly True Memoir,45.11,In stock,GBP
Legend (Legend #1),43.69,In stock,GBP
"Lean In: Women, Work, and the Will to Lead",25.02,In stock,GBP
"Lamb: The Gospel According to Biff, Christ's Childhood Pal",55.5,In stock,GBP
Lady Renegades (Rebel Belle #3),53.04,In stock,GBP
Jurassic Park (Jurassic Park #1),44.97,In stock,GBP
It's Never Too Late to Begin Again: Discovering Creativity and Meaning at Midlife and Beyond,42.38,In stock,GBP
Is Everyone Hanging Out Without Me? (And Other Concerns),20.11,In stock,GBP
Into the Wild,56.7,In stock,GBP
Inferno (Robert Langdon #4),41.0,In stock,GBP
"In the Garden of Beasts: Love, Terror, and an American Family in Hitler's Berlin",28.85,In stock,GBP
If I Run (If I Run #1),49.97,In stock,GBP
I've Got Your Number,19.69,In stock,GBP
I Am Malala: The Girl Who Stood Up for Education and Was Shot by the Taliban,28.88,In stock,GBP
Hungry Girl Clean & Hungry: Easy All-Natural Recipes for Healthy Eating in the Real World,33.14,In stock,GBP
"House of Lost Worlds: Dinosaurs, Dynasties, and the Story of Life on Earth",43.7,In stock,GBP
House of Leaves,54.89,In stock,GBP
Horrible Bear!,37.52,In stock,GBP
Holidays on Ice,51.07,In stock,GBP
Heir to the Sky,44.07,In stock,GBP
Green Eggs and Ham (Beginner Books B-16),10.79,In stock,GBP
"Grayson, Vol 3: Nemesis (Grayson #3)",42.72,In stock,GBP
Gratitude,26.66,In stock,GBP
Gone Girl,37.6,In stock,GBP
Golden (Heart of Dread #3),42.21,In stock,GBP
Girl in the Blue Coat,46.83,In stock,GBP
"Fruits Basket, Vol. 3 (Fruits Basket #3)",45.17,In stock,GBP
"Friday Night Lights: A Town, a Team, and a Dream",51.22,In stock,GBP
Fire Bound (Sea Haven/Sisters of the Heart #5),21.28,In stock,GBP
Fifty Shades Freed (Fifty Shades #3),15.36,In stock,GBP
Fellside,38.62,In stock,GBP
Extreme Prey (Lucas Davenport #26),25.4,In stock,GBP
Eragon (The Inheritance Cycle #1),43.87,In stock,GBP
Eclipse (Twilight #3),18.74,In stock,GBP
Dune (Dune #1),54.86,In stock,GBP
Dracula,52.62,In stock,GBP
Do Androids Dream of Electric Sheep? (Blade Runner #1),51.48,In stock,GBP
Disrupted: My Misadventure in the Start-Up Bubble,15.28,In stock,GBP
Dead Wake: The Last Crossing of the Lusitania,39.24,In stock,GBP
"David and Goliath: Underdogs, Misfits, and the Art of Battling Giants",17.81,In stock,GBP
Darkfever (Fever #1),56.02,In stock,GBP
Dark Places,23.9,In stock,GBP
Crazy Rich Asians (Crazy Rich Asians #1),49.13,In stock,GBP
Counting Thyme,10.62,In stock,GBP
Cosmos,36.17,In stock,GBP
Civilization and Its Discontents,59.95,In stock,GBP
Cinder (The Lunar Chronicles #1),26.09,In stock,GBP
Catastrophic Happiness: Finding Joy in Childhood's Messy Years,37.35,In stock,GBP
Career of Evil (Cormoran Strike #3),24.72,In stock,GBP
Breaking Dawn (Twilight #4),35.28,In stock,GBP
Brave Enough,51.32,In stock,GBP
Boy Meets Boy,21.12,In stock,GBP
"Born to Run: A Hidden Tribe, Superathletes, and the Greatest Race the World Has Never Seen",27.35,In stock,GBP
Blink: The Power of Thinking Without Thinking,21.74,In stock,GBP
Black Flags: The Rise of ISIS,40.87,In stock,GBP
"Black Butler, Vol. 1 (Black Butler #1)",49.31,In stock,GBP
Big Little Lies,22.11,In stock,GBP
Between Shades of Gray,20.79,In stock,GBP
Best of My Love (Fool's Gold #20),27.41,In stock,GBP
Beowulf,38.35,In stock,GBP
Beautiful Creatures (Caster Chronicles #1),21.55,In stock,GBP
Awkward,38.02,In stock,GBP
Ash,22.06,In stock,GBP
Are We There Yet?,10.66,In stock,GBP
Are We Smart Enough to Know How Smart Animals Are?,56.58,In stock,GBP
Annie on My Mind,36.83,In stock,GBP
And Then There Were None,35.01,In stock,GBP
A Walk in the Woods: Rediscovering America on the Appalachian Trail,30.48,In stock,GBP
A Visit from the Goon Squad,14.08,In stock,GBP
A Storm of Swords (A Song of Ice and Fire #3),31.22,In stock,GBP
A Heartbreaking Work of Staggering Genius,54.29,In stock,GBP
8 Keys to Mental Health Through Exercise,31.04,In stock,GBP
#GIRLBOSS,50.96,In stock,GBP
"The Suffragettes (Little Black Classics, #96)",11.89,In stock,GBP
The Sense of an Ending,31.38,In stock,GBP
"The Sandman, Vol. 2: The Doll's House (The Sandman (volumes) #2)",54.81,In stock,GBP
The Course of Love,16.78,In stock,GBP
Sugar Rush (Offensive Line #2),24.42,In stock,GBP
"Saga, Volume 2 (Saga (Collected Editions) #2)",11.75,In stock,GBP
"Run, Spot, Run: The Ethics of Keeping Pets",20.02,In stock,GBP
New Moon (Twilight #2),12.86,In stock,GBP
Life,31.58,In stock,GBP
Kindle Paperwhite User's Guide,34.0,In stock,GBP
H is for Hawk,57.42,In stock,GBP
Girl Online On Tour (Girl Online #2),53.47,In stock,GBP
"Fruits Basket, Vol. 2 (Fruits Basket #2)",11.64,In stock,GBP
Diary of a Minecraft Zombie Book 1: A Scare of a Dare (An Unofficial Minecraft Book),52.88,In stock,GBP
"Y: The Last Man, Vol. 1: Unmanned (Y: The Last Man #1)",18.51,In stock,GBP
While You Were Mine,41.32,In stock,GBP
Where Lightning Strikes (Bleeding Stars #3),39.77,In stock,GBP
When I'm Gone,51.96,In stock,GBP
Ways of Seeing,39.51,In stock,GBP
"Vampire Knight, Vol. 1 (Vampire Knight #1)",15.4,In stock,GBP
Vampire Girl (Vampire Girl #1),53.82,In stock,GBP
Twenty Love Poems and a Song of Despair,30.95,In stock,GBP
Travels with Charley: In Search of America,57.82,In stock,GBP
Three Wishes (River of Time: California #1),44.18,In stock,GBP
This One Moment (Pushing Limits #1),48.71,In stock,GBP
The Zombie Room,19.69,In stock,GBP
"The Wicked + The Divine, Vol. 1: The Faust Act (The Wicked + The Divine)",36.52,In stock,GBP
The Tumor,41.56,In stock,GBP
The Story of Hong Gildong,43.19,In stock,GBP
The Silent Wife,12.34,In stock,GBP
The Silent Twin (Detective Jennifer Knight #3),36.25,In stock,GBP
The Selfish Gene,29.45,In stock,GBP
The Secret Healer,34.56,In stock,GBP
"The Sandman, Vol. 1: Preludes and Nocturnes (The Sandman (volumes) #1)",54.12,In stock,GBP
The Republic,33.78,In stock,GBP
The Odyssey,29.64,In stock,GBP
The No. 1 Ladies' Detective Agency (No. 1 Ladies' Detective Agency #1),57.7,In stock,GBP
The Nicomachean Ethics,36.34,In stock,GBP
The Name of the Wind (The Kingkiller Chronicle #1),50.59,In stock,GBP
The Mirror & the Maze (The Wrath and the Dawn #1.5),29.38,In stock,GBP
The Little Prince,45.42,In stock,GBP
The Light of the Fireflies,54.43,In stock,GBP
The Last Girl (The Dominion Trilogy #1),36.26,In stock,GBP
The Iliad,16.16,In stock,GBP
The Hook Up (Game On #1),36.29,In stock,GBP
The Haters,27.89,In stock,GBP
The Girl You Lost,12.29,In stock,GBP
The Girl In The Ice (DCI Erika Foster #1),15.85,In stock,GBP
The End of the Jesus Era (An Investigation #1),14.4,In stock,GBP
The Edge of Reason (Bridget Jones #2),19.18,In stock,GBP
The Complete Maus (Maus #1-2),10.64,In stock,GBP
The Communist Manifesto,14.76,In stock,GBP
The Bhagavad Gita,57.49,In stock,GBP
The Bette Davis Club,30.66,In stock,GBP
The Art of Not Breathing,40.83,In stock,GBP
Taking Shots (Assassins #1),18.88,In stock,GBP
Starlark,25.83,In stock,GBP
"Skip Beat!, Vol. 01 (Skip Beat! #1)",42.12,In stock,GBP
Sister Sable (The Mad Queen #1),13.33,In stock,GBP
Shatter Me (Shatter Me #1),42.4,In stock,GBP
Shameless,58.35,In stock,GBP
Shadow Rites (Jane Yellowrock #10),21.72,In stock,GBP
Settling the Score (The Summer Games #1),44.91,In stock,GBP
Sense and Sensibility,37.46,In stock,GBP
"Saga, Volume 1 (Saga (Collected Editions) #1)",28.48,In stock,GBP
"Rhythm, Chord & Malykhin",28.34,In stock,GBP
"Rat Queens, Vol. 1: Sass & Sorcery (Rat Queens (Collected Editions) #1-5)",46.96,In stock,GBP
Paradise Lost (Paradise #1),24.96,In stock,GBP
"Paper Girls, Vol. 1 (Paper Girls #1-5)",21.71,In stock,GBP
"Ouran High School Host Club, Vol. 1 (Ouran High School Host Club #1)",29.87,In stock,GBP
Origins (Alphas 0.5),28.99,In stock,GBP
One Second (Seven #7),52.94,In stock,GBP
On the Road (Duluoz Legend),32.36,In stock,GBP
Old Records Never Die: One Man's Quest for His Vinyl and His Past,55.66,In stock,GBP
Off Sides (Off #1),39.45,In stock,GBP
Of Mice and Men,47.11,In stock,GBP
Myriad (Prentor #1),58.75,In stock,GBP
My Perfect Mistake (Over the Top #1),38.92,In stock,GBP
"Ms. Marvel, Vol. 1: No Normal (Ms. Marvel (2014-2015) #1)",39.39,In stock,GBP
Meditations,25.89,In stock,GBP
Matilda,28.34,In stock,GBP
Lost Among the Living,27.7,In stock,GBP
Lord of the Flies,24.89,In stock,GBP
Listen to Me (Fusion #1),58.99,In stock,GBP
Kitchens of the Great Midwest,57.2,In stock,GBP
Jane Eyre,38.43,In stock,GBP
Imperfect Harmony,34.74,In stock,GBP
Icing (Aces Hockey #2),40.44,In stock,GBP
"Hawkeye, Vol. 1: My Life as a Weapon (Hawkeye #1)",45.24,In stock,GBP
Having the Barbarian's Baby (Ice Planet Barbarians #7.5),34.96,In stock,GBP
"Giant Days, Vol. 1 (Giant Days #1-4)",56.76,In stock,GBP
"Fruits Basket, Vol. 1 (Fruits Basket #1)",40.28,In stock,GBP
Frankenstein,38.0,In stock,GBP
Forever Rockers (The Rocker #12),28.8,In stock,GBP
Fighting Fate (Fighting #6),39.24,In stock,GBP
Emma,32.93,In stock,GBP
"Eat, Pray, Love",51.32,In stock,GBP
Deep Under (Walker Security #1),47.09,In stock,GBP
Choosing Our Religion: The Spiritual Lives of America's Nones,28.42,In stock,GBP
Charlie and the Chocolate Factory (Charlie Bucket #1),22.85,In stock,GBP
Charity's Cross (Charles Towne Belles #4),41.24,In stock,GBP
Bright Lines,39.07,In stock,GBP
Bridget Jones's Diary (Bridget Jones #1),29.82,In stock,GBP
Bounty (Colorado Mountain #7),37.26,In stock,GBP
Blood Defense (Samantha Brinkman #1),20.3,In stock,GBP
"Bleach, Vol. 1: Strawberry and the Soul Reapers (Bleach #1)",34.65,In stock,GBP
Beyond Good and Evil,43.38,In stock,GBP
Alice in Wonderland (Alice's Adventures in Wonderland #1),55.53,In stock,GBP
"Ajin: Demi-Human, Volume 1 (Ajin: Demi-Human #1)",57.06,In stock,GBP
A Spy's Devotion (The Regency Spies of London #1),16.97,In stock,GBP
1st to Die (Women's Murder Club #1),53.98,In stock,GBP
"1,000 Places to See Before You Die",26.08,In stock,GBP
